ID Polygon,Musigma,X1,Y1,Z1,Y2,Z2,X2,X3,Y3,Z3
0,5.4096226692,110.6534631417,31,-1.16164e-05,30.5625695601,-1.16518e-05,110.6436750939,110.5910092012,30.553948848,-1.16471e-05
1,7.2816123962,110.6900306955,31,-1.16201e-05,30.5685446611,-1.16574e-05,110.6802602722,110.6279281096,30.5599943742,-1.1649e-05
2,4.6948132515,110.7263721653,31,-1.16257e-05,30.5744719283,-1.16592e-05,110.7166192495,110.6646120571,30.5659903359,-1.16536e-05
3,4.4259171486,110.7624933795,31,-1.16276e-05,30.5803525136,-1.16648e-05,110.7527578576,110.7010672304,30.5719379554,-1.16592e-05
4,6.1107077599,110.7983999347,31,-1.16313e-05,30.5861875233,-1.16685e-05,110.7886816962,110.7372995649,30.5778384052,-1.1662e-05
5,5.8247814178,110.834097208,31,-1.16359e-05,30.5919780202,-1.16713e-05,110.8243961457,110.7733147581,30.5836928108,-1.16667e-05
6,4.2315707207,110.8695903691,31,-1.16397e-05,30.5977250261,-1.16769e-05,110.8599063784,110.8091182828,30.5895022534,-1.16704e-05
7,0.0,110.9048843909,31,-1.16434e-05,30.603429524,-1.16806e-05,110.8952173701,110.8447153992,30.595267772,-1.16741e-05
8,0.0,110.9399840596,31,-1.16462e-05,30.6090924599,-1.16853e-05,110.9303339097,110.880111166,30.6009903661,-1.16788e-05
9,0.0,110.9748939847,31,-1.16518e-05,30.6147147448,-1.16872e-05,110.9652606093,110.9153104509,30.6066709972,-1.16825e-05
10,0.0,110.9865992386,31,-1.16564e-05,30.616597649,-1.169e-05,110.9769714865,110.9503179407,30.6123105911,-1.16862e-05
11,8.2780618668,110.6466009647,31,-1.16369e-05,30.5936633748,-1.16741e-05,110.6368102861,110.5841265612,30.5850430577,-1.16685e-05
12,8.313410759,110.6831808712,31,-1.16406e-05,30.5996381832,-1.16769e-05,110.6734078445,110.6210579714,30.5910883102,-1.16723e-05
13,4.6948132515,110.7195346118,31,-1.16453e-05,30.605565145,-1.16816e-05,110.7097791198,110.6577543349,30.5970839849,-1.16769e-05
14,8.5351133347,110.7556680171,31,-1.16499e-05,30.6114454123,-1.16862e-05,110.7459299462,110.6942218411,30.6030313045,-1.16816e-05
15,6.1107077599,110.791586686,31,-1.16536e-05,30.6172800917,-1.169e-05,110.7818659254,110.7304664277,30.6089314417,-1.16844e-05
16,6.1107077599,110.8272959978,31,-1.16574e-05,30.6230702463,-1.16946e-05,110.81759244,110.7664937945,30.6147855223,-1.16881e-05
17,6.1107077599,110.8628011242,31,-1.1662e-05,30.628816898,-1.16974e-05,110.8531146645,110.8023094165,30.6205946276,-1.16918e-05
18,4.4805259705,110.8981070399,31,-1.16667e-05,30.6345210301,-1.17021e-05,110.8884375765,110.8379185559,30.6263597972,-1.16965e-05
19,0.0,110.9332185332,31,-1.16704e-05,30.6401835889,-1.17058e-05,110.923565967,110.8733262734,30.6320820304,-1.16993e-05
20,0.0,110.9681402153,31,-1.16741e-05,30.6458054854,-1.17105e-05,110.9585044497,110.9085374387,30.6377622892,-1.17039e-05
21,0.0,110.9798494105,31,-1.1676e-05,30.6476882565,-1.17114e-05,110.9702192769,110.9435567404,30.6434014996,-1.17086e-05
22,8.313410759,110.6397369441,31,-1.16583e-05,30.624756921,-1.16955e-05,110.6299436286,110.5772420436,30.6161369971,-1.169e-05
23,8.313410759,110.6763292226,31,-1.1662e-05,30.6307314383,-1.17002e-05,110.6665535864,110.614185975,30.6221819772,-1.16928e-05
24,4.6948132515,110.712695253,31,-1.16676e-05,30.636658096,-1.1703e-05,110.7029371788,110.650894774,30.6281773664,-1.16974e-05
25,8.9498844147,110.7488408684,31,-1.16704e-05,30.6425380466,-1.17067e-05,110.7391002423,110.6873746323,30.6341243874,-1.17021e-05
26,6.1107077599,110.7847716699,31,-1.16751e-05,30.648372397,-1.17123e-05,110.7750483811,110.7236314901,30.6400242132,-1.17058e-05
27,4.4805259705,110.8204930389,31,-1.16797e-05,30.6541622104,-1.17151e-05,110.8107869796,110.7596710494,30.64587797,-1.17105e-05
28,4.4805259705,110.8560101491,31,-1.16825e-05,30.6599085092,-1.17207e-05,110.8463212145,110.7954987874,30.6516867394,-1.17142e-05
29,5.4018445015,110.8913279773,31,-1.16862e-05,30.6656122768,-1.17235e-05,110.8816560654,110.8311199685,30.6574515611,-1.17179e-05
30,0.0,110.9264513135,31,-1.16909e-05,30.6712744596,-1.17272e-05,110.9167963251,110.8665396552,30.6631734347,-1.17226e-05
31,0.0,110.9613847709,31,-1.16946e-05,30.676895969,-1.173e-05,110.9517466091,110.9017627194,30.6688533224,-1.17263e-05
32,0.0,110.9730979135,31,-1.16983e-05,30.6787786073,-1.17328e-05,110.9634653925,110.9367938513,30.6744921504,-1.17281e-05
33,7.6089296341,110.6328710756,31,-1.16797e-05,30.6558501983,-1.1717e-05,110.6230751169,110.5703556441,30.6472306655,-1.17095e-05
34,4.27566576,110.6694757453,31,-1.16844e-05,30.6618244257,-1.17198e-05,110.6596974934,110.6073121162,30.6532753747,-1.17151e-05
35,4.27566576,110.7058540846,31,-1.16872e-05,30.6677507805,-1.17254e-05,110.6960934221,110.64403337,30.6592704796,-1.17198e-05
36,8.9498844147,110.7420119292,31,-1.16918e-05,30.6736304158,-1.17272e-05,110.7322687419,110.6805255996,30.6652172032,-1.17235e-05
37,8.9870223999,110.7779548821,31,-1.16974e-05,30.6794644384,-1.17328e-05,110.768229059,110.7167947477,30.6711167191,-1.17281e-05
38,8.9870223999,110.813688327,31,-1.17002e-05,30.685253912,-1.17365e-05,110.8039797603,110.7528465185,30.6769701534,-1.17309e-05
39,8.9870223999,110.8492174397,31,-1.17049e-05,30.6909998591,-1.17412e-05,110.8395260242,110.7886863914,30.6827785881,-1.17356e-05
40,8.0735235214,110.8845471988,31,-1.17077e-05,30.6967032633,-1.17458e-05,110.8748728325,110.8243196328,30.6885430631,-1.17384e-05
41,0.0,110.9196823964,31,-1.17123e-05,30.7023650713,-1.17477e-05,110.9100249798,110.8597513074,30.6942645783,-1.1743e-05
42,0.0,110.9546276473,31,-1.17179e-05,30.7079861948,-1.17524e-05,110.9449870834,110.8949862888,30.6999440961,-1.17477e-05
43,0.0,110.9663447435,31,-1.17198e-05,30.7098687008,-1.17533e-05,110.9567098292,110.9300292693,30.7055825429,-1.17514e-05
44,12.8257799149,110.6260033548,31,-1.17011e-05,30.6869432069,-1.17365e-05,110.6162047464,110.563467358,30.6783240633,-1.17328e-05
45,4.27566576,110.662620435,31,-1.17049e-05,30.6929171457,-1.17412e-05,110.652839561,110.6004363904,30.6843685029,-1.17365e-05
46,4.27566576,110.6990111025,31,-1.17095e-05,30.6988431991,-1.17468e-05,110.6892478452,110.6371701183,30.6903633248,-1.17403e-05
47,6.8049736023,110.7351811951,31,-1.17142e-05,30.7047225202,-1.17496e-05,110.7254354402,110.6736747385,30.6963097525,-1.1744e-05
48,11.5504608154,110.7711363184,31,-1.1717e-05,30.7105562164,-1.17542e-05,110.7614079547,110.7099561959,30.7022089596,-1.17477e-05
49,4.5995707512,110.806881858,31,-1.17226e-05,30.7163453513,-1.1757e-05,110.7971707775,110.7460201972,30.7080620727,-1.17514e-05
50,4.7984585762,110.8424229918,31,-1.17254e-05,30.722090948,-1.17617e-05,110.8327290892,110.7818722238,30.713870174,-1.17561e-05
51,6.545645237,110.8777647004,31,-1.173e-05,30.72779399,-1.17673e-05,110.8680878734,110.8175175443,30.7196343035,-1.17607e-05
52,0.0,110.9129117778,31,-1.17337e-05,30.7334554245,-1.17691e-05,110.9032519268,110.8529612254,30.7253554616,-1.17654e-05
53,0.0,110.9478688405,31,-1.17375e-05,30.7390761632,-1.17738e-05,110.9382258684,110.8882081427,30.7310346107,-1.17691e-05
54,0.0,110.9595898964,31,-1.17412e-05,30.7409585372,-1.17766e-05,110.9499525826,110.92326299,30.7366726775,-1.17728e-05
55,3.5979018211,110.6191337773,31,-1.17235e-05,30.7180359459,-1.17589e-05,110.609332513,110.5565771811,30.7094171896,-1.17542e-05
56,4.27566576,110.6557632873,31,-1.17263e-05,30.7240095975,-1.17626e-05,110.6459797849,110.5935587932,30.715461361,-1.17579e-05
57,4.27566576,110.6921663021,31,-1.17319e-05,30.7299353507,-1.17673e-05,110.6824004439,110.6303050146,30.7214559013,-1.17617e-05
58,6.8049736023,110.7283486619,31,-1.17347e-05,30.735814359,-1.17719e-05,110.7186003332,110.6668220447,30.7274020343,-1.17645e-05
59,11.5504608154,110.7643159744,31,-1.17393e-05,30.7416477299,-1.17756e-05,110.754585064,110.7031158306,30.733300934,-1.17701e-05
60,11.5504608154,110.8000736275,31,-1.1743e-05,30.7474365276,-1.17812e-05,110.7903600271,110.7391920813,30.7391537271,-1.17747e-05
61,5.4265789986,110.835626801,31,-1.17468e-05,30.753181775,-1.17831e-05,110.8259304052,110.7750562806,30.7449614962,-1.17784e-05
62,4.1581344604,110.8709804777,31,-1.17505e-05,30.7588844561,-1.17877e-05,110.861301184,110.810713699,30.7507252816,-1.17812e-05
63,0.0,110.9061394533,31,-1.17552e-05,30.7645455182,-1.17915e-05,110.8964771619,110.8461694052,30.7564460837,-1.17859e-05
64,0.0,110.9411083462,31,-1.17598e-05,30.7701658733,-1.17943e-05,110.9314629599,110.8814282767,30.7621248654,-1.17905e-05
65,0.0,110.9528333679,31,-1.17626e-05,30.7720481158,-1.17961e-05,110.9431936487,110.9164950095,30.7677625534,-1.17952e-05
66,7.2174911499,110.6122623386,31,-1.1744e-05,30.7491284153,-1.17794e-05,110.602458412,110.5496851087,30.7405100444,-1.17747e-05
67,7.2174911499,110.6489042977,31,-1.17486e-05,30.7551017809,-1.1784e-05,110.6391181607,110.5866793202,30.7465539488,-1.17794e-05
68,7.2174911499,110.685319679,31,-1.17533e-05,30.7610272353,-1.17887e-05,110.6755512136,110.6234380546,30.7525482089,-1.1784e-05
69,8.0612630844,110.721514325,31,-1.17579e-05,30.7669059321,-1.17915e-05,110.7117634164,110.6599675138,30.7584940486,-1.17877e-05
70,5.6327309608,110.7574938457,31,-1.17607e-05,30.7727389791,-1.17971e-05,110.7477603824,110.6962736474,30.7643926421,-1.17915e-05
71,5.6327309608,110.7932636311,31,-1.17654e-05,30.7785274407,-1.18008e-05,110.7835475047,110.7323621666,30.7702451166,-1.17961e-05
72,5.6327309608,110.8288288631,31,-1.17701e-05,30.78427234,-1.18045e-05,110.819129968,110.7682385573,30.7760525548,-1.17999e-05
73,5.0696105957,110.8641945264,31,-1.17728e-05,30.7899746615,-1.18082e-05,110.85451276,110.8039080923,30.7818159972,-1.18027e-05
74,3.4205436707,110.8993654187,31,-1.17756e-05,30.7956353524,-1.1812e-05,110.8897006809,110.8393758424,30.7875364447,-1.18082e-05
75,0.0,110.9343461601,31,-1.17803e-05,30.8012553251,-1.18166e-05,110.9246983536,110.8746466867,30.79321486,-1.1811e-05
76,0.0,110.9460751538,31,-1.1784e-05,30.8031374364,-1.18194e-05,110.9364330232,110.9097253232,30.7988521704,-1.18157e-05
77,5.1103034019,110.6053890343,31,-1.17654e-05,30.7802206145,-1.18027e-05,110.5955824391,110.5427911364,30.771602627,-1.17961e-05
78,5.1323199272,110.6420434619,31,-1.1771e-05,30.7861936956,-1.18073e-05,110.632254684,110.5797979668,30.7776462659,-1.17999e-05
79,5.1346230507,110.6784712289,31,-1.17738e-05,30.7921188525,-1.1811e-05,110.66870015,110.6165692337,30.7836402471,-1.18045e-05
80,8.0031881332,110.7146781803,31,-1.17784e-05,30.797997239,-1.18148e-05,110.7049246855,110.6531111413,30.7895857948,-1.18092e-05
81,11.1010417938,110.7506699281,31,-1.17822e-05,30.8038299633,-1.18185e-05,110.7409339057,110.6894296418,30.7954840835,-1.18129e-05
82,11.1010417938,110.7864518647,31,-1.17868e-05,30.8096180901,-1.18222e-05,110.776733206,110.7255304485,30.8013362406,-1.18185e-05
83,5.0696105957,110.8220291739,31,-1.17896e-05,30.8153626426,-1.18259e-05,110.8123277733,110.7614190497,30.8071433491,-1.18203e-05
84,5.0696105957,110.8574068424,31,-1.17943e-05,30.8210646056,-1.18306e-05,110.847722597,110.7971007202,30.8129064499,-1.18259e-05
85,5.4072995186,110.8925896698,31,-1.1798e-05,30.8267249266,-1.18352e-05,110.8829224795,110.8325805327,30.8186265438,-1.18287e-05
86,0.0,110.9275822781,31,-1.18008e-05,30.8323445181,-1.1839e-05,110.9179320453,110.8678633685,30.8243045941,-1.18325e-05
87,0.0,110.93931525,31,-1.18064e-05,30.8342264986,-1.18399e-05,110.9296707019,110.9029539272,30.8299415281,-1.18371e-05
88,5.1103034019,110.5985138599,31,-1.17877e-05,30.8113125434,-1.1825e-05,110.5887045898,110.5358952597,30.8026949374,-1.18185e-05
89,5.1103034019,110.6351807754,31,-1.17915e-05,30.8172853413,-1.18278e-05,110.6253893502,110.5729147288,30.8087383122,-1.18213e-05
90,5.1103034019,110.6716209474,31,-1.17971e-05,30.8232102019,-1.18334e-05,110.6618472488,110.6096985475,30.8147320157,-1.18259e-05
91,5.1103034019,110.7078402232,31,-1.17999e-05,30.8290882795,-1.18371e-05,110.6980841359,110.646252923,30.8206772727,-1.18315e-05
92,6.3256559372,110.7438442172,31,-1.18045e-05,30.8349206825,-1.18399e-05,110.7341056294,110.6825838094,30.8265752579,-1.18352e-05
93,4.9586634636,110.7796383237,31,-1.18073e-05,30.8407084756,-1.18446e-05,110.7699171267,110.7186969228,30.832427099,-1.1838e-05
94,6.3256559372,110.8152277289,31,-1.1812e-05,30.8464526827,-1.18492e-05,110.8055238167,110.7545977534,30.8382338791,-1.18436e-05
95,5.8874206543,110.8506174212,31,-1.18176e-05,30.8521542884,-1.1852e-05,110.8409306909,110.7902915781,30.8439966394,-1.18464e-05
96,4.5480270386,110.8858122023,31,-1.18203e-05,30.8578142406,-1.18567e-05,110.8761425534,110.8257834718,30.8497163811,-1.18511e-05
97,0.0,110.9208166959,31,-1.18259e-05,30.8634334521,-1.18613e-05,110.9111640308,110.8610783176,30.8553940675,-1.18539e-05
98,0.0,110.9325536521,31,-1.18278e-05,30.8653153022,-1.18604e-05,110.9229066805,110.896180817,30.8610306263,-1.18585e-05
99,3.9871032238,110.5916368111,31,-1.18082e-05,30.8424042016,-1.18455e-05,110.5818248596,110.5289974741,30.8337869752,-1.18399e-05
100,7.5818343163,110.6283162338,31,-1.1812e-05,30.8483767176,-1.18501e-05,110.6185221551,110.5660296014,30.8398300871,-1.18427e-05
101,7.5818343163,110.6647688301,31,-1.18176e-05,30.8543012834,-1.18548e-05,110.6549925054,110.6028259916,30.8458235145,-1.18483e-05
102,7.5818343163,110.7010004494,31,-1.18203e-05,30.8601790533,-1.18585e-05,110.6912417635,110.6393928542,30.8517684821,-1.18511e-05
103,6.3117628098,110.7370167086,31,-1.18269e-05,30.8660111362,-1.18623e-05,110.7272755493,110.675736146,30.8576661651,-1.18567e-05
104,5.8874206543,110.772823004,31,-1.18297e-05,30.871798597,-1.1865e-05,110.7630992624,110.7118615851,30.8635176913,-1.18595e-05
105,4.8549795151,110.8084245239,31,-1.18343e-05,30.8775424597,-1.18706e-05,110.7987180939,110.747774664,30.8693241443,-1.18641e-05
106,5.4498105049,110.8438262587,31,-1.1838e-05,30.8832437094,-1.18734e-05,110.8341370372,110.7834806619,30.8750865655,-1.18688e-05
107,4.5480270386,110.8790330119,31,-1.18408e-05,30.8889032941,-1.18781e-05,110.8693608984,110.8189846554,30.8808059561,-1.18716e-05
108,0.0,110.9140494093,31,-1.18455e-05,30.8945221267,-1.18809e-05,110.9043943058,110.8542915298,30.8864832799,-1.18772e-05
109,0.0,110.9257903559,31,-1.18483e-05,30.8964038468,-1.18827e-05,110.9161409548,110.8894059885,30.8921194646,-1.188e-05
110,0.0,110.5847578832,31,-1.18306e-05,30.8734955891,-1.1866e-05,110.5749432441,110.5220977752,30.8648787402,-1.18623e-05
111,8.1143007278,110.6214498327,31,-1.18343e-05,30.8794678245,-1.18725e-05,110.611653094,110.5591425804,30.8709215907,-1.1866e-05
112,6.2476010323,110.6579148725,31,-1.1839e-05,30.8853920966,-1.18753e-05,110.6481359155,110.5959515615,30.8769147432,-1.18697e-05
113,6.2476010323,110.6941588546,31,-1.18427e-05,30.8912695603,-1.1879e-05,110.6843975637,110.6325309306,30.8828594228,-1.18734e-05
114,6.411233902,110.7301873979,31,-1.18483e-05,30.8971013243,-1.18837e-05,110.7204436609,110.6688866469,30.8887568048,-1.18781e-05
115,10.6338376999,110.7660059012,31,-1.1852e-05,30.902888454,-1.18883e-05,110.7562796088,110.7050244309,30.8946080176,-1.18818e-05
116,5.4498105049,110.8016195545,31,-1.18539e-05,30.9086319737,-1.18921e-05,110.7919106006,110.7409497772,30.9004141447,-1.18846e-05
117,4.8549795151,110.8370333505,31,-1.18576e-05,30.9143328687,-1.18958e-05,110.8273416318,110.776667967,30.9061762279,-1.18893e-05
118,7.9903469086,110.8722520945,31,-1.18632e-05,30.919992087,-1.19004e-05,110.8625775102,110.8121840792,30.9118952688,-1.18939e-05
119,0.0,110.907280414,31,-1.18669e-05,30.925610542,-1.19032e-05,110.8976228661,110.8475030009,30.9175722312,-1.18976e-05
120,0.0,110.9190253573,31,-1.18697e-05,30.9274921325,-1.19051e-05,110.9093735206,110.8826294373,30.923208043,-1.19023e-05
121,0.0,110.577877072,31,-1.1852e-05,30.9045867053,-1.18883e-05,110.5680597388,110.5151961583,30.8959702321,-1.18818e-05
122,8.1143007278,110.6145815676,31,-1.18557e-05,30.9105586616,-1.18939e-05,110.6047821627,110.552253661,30.9020128225,-1.18874e-05
123,6.2476010323,110.6510590703,31,-1.18595e-05,30.9164826414,-1.18976e-05,110.6412774746,110.5890752527,30.9080057015,-1.18902e-05
124,6.2476010323,110.6873154343,31,-1.1866e-05,30.9223598,-1.19004e-05,110.6775515321,110.6256671478,30.9139500944,-1.18949e-05
125,7.1020746231,110.7233562809,31,-1.18688e-05,30.9281912465,-1.19051e-05,110.7136099598,110.6620353079,30.9198471768,-1.18995e-05
126,10.6338376999,110.7591870109,31,-1.18725e-05,30.9339780464,-1.19098e-05,110.7494581615,110.6981854558,30.9256980774,-1.19023e-05
127,6.3405499458,110.7948128165,31,-1.18762e-05,30.9397212243,-1.19135e-05,110.7851013325,110.7341230885,30.9315038799,-1.1907e-05
128,5.8373746872,110.8302386924,31,-1.18809e-05,30.9454217657,-1.19181e-05,110.8205444702,110.7698534893,30.9372656264,-1.19107e-05
129,5.8373746872,110.8654694457,31,-1.18837e-05,30.9510806189,-1.192e-05,110.8557923845,110.8053817389,30.9429843187,-1.19153e-05
130,5.3283782005,110.9005097057,31,-1.18883e-05,30.9566986974,-1.19256e-05,110.8908497074,110.8407127265,30.9486609209,-1.19191e-05
131,0.0,110.9122586519,31,-1.18939e-05,30.9585801587,-1.19284e-05,110.9026043736,110.8758511592,30.9542963612,-1.19237e-05
132,0.0,110.5709943728,31,-1.18716e-05,30.9356775499,-1.19098e-05,110.5611743391,110.508292619,30.9270614503,-1.19042e-05
133,8.1143007278,110.6077114341,31,-1.18781e-05,30.9416492283,-1.19135e-05,110.5979093565,110.5453628391,30.9331037821,-1.19079e-05
134,8.1143007278,110.644201419,31,-1.18827e-05,30.9475729172,-1.192e-05,110.6344171783,110.5821970608,30.9390963888,-1.19116e-05
135,6.2476010323,110.6804701842,31,-1.18846e-05,30.953449772,-1.19237e-05,110.6707036644,110.6188015013,30.9450404964,-1.19172e-05
136,6.6808242798,110.7165233531,31,-1.18893e-05,30.9592809022,-1.19274e-05,110.7067744417,110.6551821245,30.9509372805,-1.192e-05
137,6.6808242798,110.7523663288,31,-1.18939e-05,30.9650673736,-1.19312e-05,110.7426349162,110.6913446556,30.9567878701,-1.19265e-05
138,6.1269302368,110.7880043055,31,-1.18986e-05,30.970810211,-1.1934e-05,110.7782902852,110.7272945938,30.9625933494,-1.19293e-05
139,8.1087598801,110.82344228,31,-1.19014e-05,30.9765104,-1.19386e-05,110.8137455482,110.7630372243,30.9683547605,-1.1933e-05
140,5.8373746872,110.8586850612,31,-1.1906e-05,30.9821688893,-1.19423e-05,110.849005517,110.7985776302,30.9740731054,-1.19368e-05
141,4.6344370842,110.8937372804,31,-1.19098e-05,30.9877865925,-1.1947e-05,110.8840748254,110.8339207024,30.9797493486,-1.19414e-05
142,0.0,110.9054902356,31,-1.19135e-05,30.9896679251,-1.19479e-05,110.8958335095,110.8690711499,30.9853844185,-1.19442e-05
143,0.0,110.5641097813,31,-1.18958e-05,30.9667681225,-1.19321e-05,110.5542870407,110.5013871527,30.9581523946,-1.19265e-05
144,8.9016666412,110.6008394278,31,-1.18995e-05,30.9727395243,-1.19358e-05,110.5910346712,110.5384701099,30.9641944691,-1.19293e-05
145,10.3066825867,110.6373419143,31,-1.19032e-05,30.9786629236,-1.19396e-05,110.6275550222,110.5753169813,30.970186805,-1.19349e-05
146,6.2803549767,110.6736230998,31,-1.19088e-05,30.984539476,-1.19461e-05,110.6638539562,110.6119339867,30.9761306285,-1.19386e-05
147,6.6808242798,110.7096886101,31,-1.19125e-05,30.9903702913,-1.19479e-05,110.6999371021,110.6483270924,30.9820271157,-1.19423e-05
148,6.6808242798,110.7455438505,31,-1.19163e-05,30.9961564354,-1.19535e-05,110.7358098684,110.6845020258,30.9878773956,-1.19461e-05
149,17.3700065613,110.7811940173,31,-1.19191e-05,31.0018989335,-1.19563e-05,110.7714774544,110.7204642884,30.9936825529,-1.19498e-05
150,6.5742354393,110.816644109,31,-1.19237e-05,31.0075987713,-1.1961e-05,110.8069448615,110.7562191678,30.9994436298,-1.19545e-05
151,8.7270545959,110.8518989367,31,-1.19265e-05,31.0132568979,-1.19647e-05,110.8422169034,110.7917717487,31.0051616287,-1.19573e-05
152,4.2041764259,110.8869631335,31,-1.19321e-05,31.0188742271,-1.19684e-05,110.8772982159,110.8271269242,31.0108375141,-1.1961e-05
153,0.0,110.8987201041,31,-1.19349e-05,31.0207554312,-1.19694e-05,110.8890609241,110.8622894051,31.0164722147,-1.19647e-05
154,0.0,110.5572232928,31,-1.19181e-05,30.9978584227,-1.19545e-05,110.5473978391,110.494479755,30.9892430645,-1.19479e-05
155,4.6463856697,110.593965544,31,-1.19209e-05,31.0038295493,-1.19582e-05,110.5841581021,110.531575469,30.9952848831,-1.19507e-05
156,10.7392539978,110.6304805515,31,-1.19247e-05,31.0097526604,-1.19619e-05,110.6206910018,110.5684350098,31.0012769496,-1.19573e-05
157,6.2803549767,110.6667741767,31,-1.19284e-05,31.0156289117,-1.19666e-05,110.6570024029,110.6050645995,31.0072204903,-1.19591e-05
158,17.3700065613,110.7028520476,31,-1.19321e-05,31.0214594132,-1.19703e-05,110.6930979368,110.641470207,31.0131166819,-1.19628e-05
159,17.3700065613,110.7387195716,31,-1.19368e-05,31.0272452314,-1.19731e-05,110.7289830139,110.677657562,31.0189666535,-1.19675e-05
160,8.8324737549,110.7743819472,31,-1.19405e-05,31.0329873913,-1.19777e-05,110.7646628358,110.7136321682,31.02477149,-1.19712e-05
161,6.1672096252,110.8098441751,31,-1.19451e-05,31.0386868793,-1.19824e-05,110.8001424057,110.7493993153,31.030532234,-1.19759e-05
162,7.2926111221,110.845111068,31,-1.19489e-05,31.0443446444,-1.19843e-05,110.8354265395,110.7849640901,31.036249888,-1.19787e-05
163,4.9491415024,110.8801872609,31,-1.19535e-05,31.0499616007,-1.19898e-05,110.8705198746,110.8203313877,31.0419254169,-1.19824e-05
164,0.0,110.8919482529,31,-1.19573e-05,31.0518426769,-1.19908e-05,110.8822866132,110.8555059207,31.0475597495,-1.1988e-05
165,0.0,110.5503349031,31,-1.19386e-05,31.0289484507,-1.19759e-05,110.5405067295,110.4875704213,31.0203334603,-1.19703e-05
166,4.7956566811,110.5870897785,31,-1.19442e-05,31.0349193035,-1.19796e-05,110.5772796448,110.5246789119,31.0263750243,-1.1974e-05
167,7.9823756218,110.6236173264,31,-1.1947e-05,31.0408421276,-1.19833e-05,110.6138251126,110.5615511416,31.0323668227,-1.19777e-05
168,12.1523580551,110.6599234105,31,-1.19517e-05,31.0467180791,-1.19871e-05,110.6501490002,110.5981933351,31.0383100821,-1.19815e-05
169,9.952334404,110.6960136611,31,-1.19545e-05,31.0525482682,-1.19917e-05,110.6862569412,110.6346114638,31.0442059793,-1.19852e-05
170,9.952334404,110.7318934879,31,-1.19591e-05,31.0583337616,-1.19954e-05,110.7221543482,110.6708112597,31.0500556439,-1.19889e-05
171,7.5358748436,110.7675680913,31,-1.19619e-05,31.0640755848,-1.20001e-05,110.7578464248,110.7067982286,31.0558601609,-1.19926e-05
172,7.9229331017,110.803042474,31,-1.19656e-05,31.0697747242,-1.20047e-05,110.7933381765,110.7425776624,31.0616205732,-1.19973e-05
173,4.5945010185,110.8383214508,31,-1.19712e-05,31.075432129,-1.20057e-05,110.8286344208,110.77815465,31.0673378837,-1.2002e-05
174,4.7795071602,110.8734096584,31,-1.19759e-05,31.0810487136,-1.20122e-05,110.8637397971,110.8135340884,31.0730130572,-1.20057e-05
175,1.9549136162,110.8851746781,31,-1.19796e-05,31.0829296622,-1.20113e-05,110.8755105723,110.8487206921,31.078647023,-1.20094e-05
176,0.0,110.5434446074,31,-1.196e-05,31.0600382054,-1.19954e-05,110.5336137078,110.480659147,31.0514235809,-1.19917e-05
177,0.0,110.5802121267,31,-1.19638e-05,31.0660087858,-1.2002e-05,110.5703992949,110.5177804341,31.0574648917,-1.19954e-05
178,5.2156543732,110.6167522344,31,-1.19675e-05,31.0719313242,-1.20038e-05,110.6069573503,110.5546653724,31.0634564234,-1.19992e-05
179,7.3787937164,110.6530707968,31,-1.19722e-05,31.0778069772,-1.20085e-05,110.6432937437,110.5913201894,31.0693994027,-1.2001e-05
180,7.3787937164,110.6891734463,31,-1.19768e-05,31.0836368552,-1.20141e-05,110.679414111,110.6277508586,31.0752950069,-1.20066e-05
181,7.3787937164,110.7250655948,31,-1.19796e-05,31.0894220252,-1.20169e-05,110.715323867,110.6639631146,31.0811443658,-1.20113e-05
182,12.954079628,110.760752445,31,-1.19852e-05,31.0951635128,-1.20206e-05,110.7510282174,110.6999624654,31.0869485646,-1.20159e-05
183,6.0983934402,110.7962390013,31,-1.1988e-05,31.1008623048,-1.20252e-05,110.7865321696,110.7357542049,31.0927086465,-1.20196e-05
184,6.0983934402,110.8315300807,31,-1.19926e-05,31.1065193506,-1.20299e-05,110.8218405432,110.7713434242,31.0984256146,-1.20234e-05
185,6.7336034775,110.8666303216,31,-1.19964e-05,31.1121355647,-1.20327e-05,110.8569579794,110.8067350222,31.1041004341,-1.20262e-05
186,5.2336182594,110.8783993752,31,-1.20001e-05,31.114016386,-1.20346e-05,110.8687327974,110.8419337152,31.1097340342,-1.20318e-05
187,0.0,110.5365524014,31,-1.19805e-05,31.0911276873,-1.20178e-05,110.5267187692,110.4737459275,31.0825134266,-1.20122e-05
188,0.0,110.5733325841,31,-1.19861e-05,31.0970979965,-1.20215e-05,110.5635170477,110.5108800309,31.0885544857,-1.20178e-05
189,9.6558132172,110.6098852711,31,-1.19898e-05,31.1030202507,-1.20271e-05,110.6000877103,110.5477776976,31.0945457519,-1.20224e-05
190,6.3201556206,110.646216331,31,-1.19936e-05,31.1088956065,-1.20308e-05,110.6364366289,110.5844451575,31.1004884526,-1.20252e-05
191,6.3201556206,110.6823313987,31,-1.19992e-05,31.1147251747,-1.20346e-05,110.6725694417,110.6208883868,31.1063837651,-1.2029e-05
192,7.3787937164,110.7182358881,31,-1.2002e-05,31.1205100225,-1.20392e-05,110.7084915658,110.6571131222,31.1122328195,-1.20327e-05
193,12.954079628,110.7539350039,31,-1.20066e-05,31.1262511758,-1.20429e-05,110.744208209,110.693124874,31.1180367014,-1.20392e-05
194,6.0983934402,110.7894337527,31,-1.20103e-05,31.1319496216,-1.20476e-05,110.7797243806,110.7289289383,31.1237964542,-1.2042e-05
195,6.7336034775,110.8247369534,31,-1.20131e-05,31.1376063095,-1.20504e-05,110.8150449022,110.7645304082,31.1295130811,-1.20467e-05
196,6.7336034775,110.8598492462,31,-1.20187e-05,31.1432221544,-1.20532e-05,110.8501744169,110.7999341845,31.1351875478,-1.20504e-05
197,5.2336182594,110.87162234,31,-1.20215e-05,31.1451028489,-1.2056e-05,110.8619532839,110.8351449856,31.1408207835,-1.20532e-05
198,0.0,110.5296582804,31,-1.20029e-05,31.1222168956,-1.20392e-05,110.5198219092,110.4668307584,31.1136029967,-1.20336e-05
199,0.0,110.5664511462,31,-1.20085e-05,31.128186935,-1.20448e-05,110.5566328988,110.5039776979,31.1196438054,-1.20364e-05
200,9.6558132172,110.6030164321,31,-1.20113e-05,31.1341089062,-1.20476e-05,110.5932161881,110.5408881127,31.1256348076,-1.20439e-05
201,9.6558132172,110.6393600089,31,-1.20169e-05,31.1399839661,-1.20522e-05,110.6295776513,110.5775682352,31.131577231,-1.20467e-05
202,9.10916996,110.6754875139,31,-1.20196e-05,31.1458132258,-1.2056e-05,110.6657229289,110.6140240439,31.1374722531,-1.20495e-05
203,9.7141256332,110.7114043632,31,-1.20252e-05,31.1515977527,-1.20616e-05,110.7016574403,110.650261278,31.1433210044,-1.2055e-05
204,9.10916996,110.7471157637,31,-1.20271e-05,31.157338573,-1.20662e-05,110.7373863952,110.68628545,31.1491245707,-1.20588e-05
205,10.6624889374,110.7826267239,31,-1.20327e-05,31.1630366738,-1.20699e-05,110.7729148051,110.7221018582,31.1548839956,-1.20625e-05
206,15.7289628983,110.8179420646,31,-1.20364e-05,31.1686930052,-1.20727e-05,110.8082474935,110.7577155976,31.1606002827,-1.20681e-05
207,4.8996710777,110.853066428,31,-1.20392e-05,31.174308482,-1.20765e-05,110.8433891054,110.7931315712,31.1662743976,-1.20709e-05
208,3.3719584942,110.8648435682,31,-1.20448e-05,31.1761890501,-1.20783e-05,110.8551720277,110.8283544991,31.1719072702,-1.20746e-05
209,0.0,110.5227622401,31,-1.20234e-05,31.1533058299,-1.20616e-05,110.5129231234,110.459913635,31.1446922909,-1.2055e-05
210,0.0,110.5595678086,31,-1.2029e-05,31.159275601,-1.20653e-05,110.5497468438,110.4970734306,31.1507328506,-1.20597e-05
211,6.9927740097,110.5961457128,31,-1.20336e-05,31.1651972905,-1.20709e-05,110.5863427793,110.5339966132,31.1567235902,-1.20653e-05
212,6.9927740097,110.6325018259,31,-1.20373e-05,31.1710720559,-1.20746e-05,110.6227168065,110.5706894178,31.1626657375,-1.20699e-05
213,9.10916996,110.6686417875,31,-1.20411e-05,31.1769010083,-1.20783e-05,110.6588745682,110.6071578255,31.1685604706,-1.20727e-05
214,9.10916996,110.7045710159,31,-1.20448e-05,31.1826852156,-1.20811e-05,110.694821486,110.6434075777,31.17440892,-1.20765e-05
215,9.10916996,110.7402947201,31,-1.20495e-05,31.1884257041,-1.20858e-05,110.7305627717,110.6794441891,31.180212172,-1.20802e-05
216,15.8847417831,110.7758179106,31,-1.20541e-05,31.1941234612,-1.20904e-05,110.7661034389,110.7152729602,31.1859712703,-1.20848e-05
217,10.6624889374,110.81114541,31,-1.20569e-05,31.1997794372,-1.20932e-05,110.8014483129,110.7508989882,31.1916872188,-1.20876e-05
218,6.4245648384,110.8462818626,31,-1.20625e-05,31.2053945471,-1.20969e-05,110.8366020406,110.7863271778,31.1973609834,-1.20923e-05
219,5.2336182594,110.8580630555,31,-1.20662e-05,31.2072749893,-1.20997e-05,110.8483890245,110.8215622512,31.202993494,-1.20969e-05
220,0.0,110.5158642759,31,-1.20457e-05,31.181050305,-1.20811e-05,110.506764808,110.4537389307,31.1724370855,-1.20765e-05
221,0.0,110.5526825668,31,-1.20513e-05,31.1870198376,-1.20858e-05,110.5435999065,110.4909102162,31.1784774242,-1.20793e-05
222,5.7260890007,110.5892731089,31,-1.2055e-05,31.192941277,-1.20904e-05,110.5802071443,110.5278448099,31.1844679305,-1.2083e-05
223,8.2421331406,110.6256417777,31,-1.20588e-05,31.1988157806,-1.20951e-05,110.6165924004,110.5645489491,31.1904098326,-1.20876e-05
224,7.4077663422,110.6617942152,31,-1.20625e-05,31.20464446,-1.20979e-05,110.6527613197,110.6010286169,31.1963043088,-1.20914e-05
225,4.5822691917,110.6977358418,31,-1.20681e-05,31.2104283831,-1.21025e-05,110.6887193255,110.6372895569,31.2021524901,-1.2096e-05
226,4.5822691917,110.7334718686,31,-1.20699e-05,31.2161685766,-1.21053e-05,110.7244716317,110.6733372859,31.2079554626,-1.20997e-05
227,15.8847417831,110.7690073083,31,-1.20746e-05,31.221866028,-1.21081e-05,110.7600232536,110.7091771062,31.2137142705,-1.21035e-05
228,4.5822691917,110.8043469854,31,-1.20802e-05,31.2275216879,-1.21146e-05,110.7953790183,110.7448141169,31.2194299178,-1.21072e-05
229,6.9932293892,110.8394955458,31,-1.2083e-05,31.2331364714,-1.21174e-05,110.8305435743,110.7802532244,31.2251033707,-1.21128e-05
230,5.2336182594,110.8512807976,31,-1.20876e-05,31.2350168015,-1.21184e-05,110.8423341882,110.8154991527,31.2307355593,-1.21156e-05
